"Worker ID","Link to Individual Worker Page","Number of HITs approved or rejected - Lifetime","Number of HITs approved - Lifetime","Your Lifetime approval rate","Number of HITs approved or rejected - Last 30 days","Number of HITs approved - Last 30 days","Your Last 30 days approval rate","Number of HITs approved or rejected - Last 7 days","Number of HITs approved - Last 7 days","Your Last 7 days approval rate","CURRENT-ai_responders_033118","UPDATE-ai_responders_033118","CURRENT BlockStatus","UPDATE BlockStatus","BlockReason"
"A10FN6L2S91E8D","https://requester.mturk.com/workers/A10FN6L2S91E8D","1","1","100.00%","1","1","100.00%","1","1","100.00%","","","Never Blocked","",""
"A10GJ2FOR16B2I","https://requester.mturk.com/workers/A10GJ2FOR16B2I","1","1","100.00%","1","1","100.00%","0","0","0.00%","1","","Never Blocked","",""
"A10HEV2856GIQL","https://requester.mturk.com/workers/A10HEV2856GIQL","1","1","100.00%","1","1","100.00%","1","1","100.00%","","","Never Blocked","",""
"A110JBKYAC0WAW","https://requester.mturk.com/workers/A110JBKYAC0WAW","1","1","100.00%","1","1","100.00%","1","1","100.00%","","","Never Blocked","",""
"A1187B8YT74YAJ","https://requester.mturk.com/workers/A1187B8YT74YAJ","1","0","0.00%","1","0","0.00%","1","0","0.00%","","","Never Blocked","",""
"A11LG8NBTHZ2GT","https://requester.mturk.com/workers/A11LG8NBTHZ2GT","1","1","100.00%","1","1","100.00%","1","1","100.00%","","","Never Blocked","",""
"A11QDNT3W7DT7K","https://requester.mturk.com/workers/A11QDNT3W7DT7K","1","0","0.00%","1","0","0.00%","1","0","0.00%","","","Never Blocked","",""
"A11R8G0FYA2UVQ","https://requester.mturk.com/workers/A11R8G0FYA2UVQ","1","1","100.00%","1","1","100.00%","1","1","100.00%","1","","Never Blocked","",""
"A11W7R2O4RQSSS","https://requester.mturk.com/workers/A11W7R2O4RQSSS","1","1","100.00%","1","1","100.00%","0","0","0.00%","1","","Never Blocked","",""
"A1247PYAVEPWTX","https://requester.mturk.com/workers/A1247PYAVEPWTX","1","0","0.00%","1","0","0.00%","1","0","0.00%","","","Never Blocked","",""
"A1274B3RL8IZ8H","https://requester.mturk.com/workers/A1274B3RL8IZ8H","1","1","100.00%","1","1","100.00%","1","1","100.00%","","","Never Blocked","",""
"A12JKSH2NE5W9N","https://requester.mturk.com/workers/A12JKSH2NE5W9N","1","1","100.00%","1","1","100.00%","1","1","100.00%","","","Never Blocked","",""
"A12NO2MNOIREXA","https://requester.mturk.com/workers/A12NO2MNOIREXA","1","1","100.00%","1","1","100.00%","1","1","100.00%","","","Never Blocked","",""
"A138LSJBBLOR8Q","https://requester.mturk.com/workers/A138LSJBBLOR8Q","1","1","100.00%","1","1","100.00%","1","1","100.00%","","","Never Blocked","",""
"A13AHQUWGR063","https://requester.mturk.com/workers/A13AHQUWGR063","1","1","100.00%","1","1","100.00%","1","1","100.00%","","","Never Blocked","",""
"A13FUEPWBCLBUY","https://requester.mturk.com/workers/A13FUEPWBCLBUY","1","1","100.00%","1","1","100.00%","1","1","100.00%","","","Never Blocked","",""
"A146Z2MR3JKD39","https://requester.mturk.com/workers/A146Z2MR3JKD39","1","1","100.00%","1","1","100.00%","1","1","100.00%","","","Never Blocked","",""
"A14NSVH4W27CK0","https://requester.mturk.com/workers/A14NSVH4W27CK0","1","1","100.00%","1","1","100.00%","1","1","100.00%","","","Never Blocked","",""
"A14OQ52EFQAN2W","https://requester.mturk.com/workers/A14OQ52EFQAN2W","1","1","100.00%","1","1","100.00%","1","1","100.00%","","","Never Blocked","",""
"A14QHFJ52HGE6Q","https://requester.mturk.com/workers/A14QHFJ52HGE6Q","1","0","0.00%","1","0","0.00%","1","0","0.00%","","","Never Blocked","",""
"A14WLAP6TCEKO0","https://requester.mturk.com/workers/A14WLAP6TCEKO0","1","1","100.00%","1","1","100.00%","0","0","0.00%","1","","Never Blocked","",""
"A159KNKNX9RYUL","https://requester.mturk.com/workers/A159KNKNX9RYUL","1","0","0.00%","1","0","0.00%","1","0","0.00%","","","Never Blocked","",""
"A15QGLWS8CNJFU","https://requester.mturk.com/workers/A15QGLWS8CNJFU","1","1","100.00%","1","1","100.00%","0","0","0.00%","1","","Never Blocked","",""
"A15YE29S9WR0O6","https://requester.mturk.com/workers/A15YE29S9WR0O6","1","1","100.00%","1","1","100.00%","1","1","100.00%","","","Never Blocked","",""
"A16RUB5JYN4UV7","https://requester.mturk.com/workers/A16RUB5JYN4UV7","1","0","0.00%","1","0","0.00%","1","0","0.00%","","","Never Blocked","",""
"A171S8E9IFSHH2","https://requester.mturk.com/workers/A171S8E9IFSHH2","1","0","0.00%","1","0","0.00%","1","0","0.00%","","","Never Blocked","",""
"A17HFDRWYZL1CD","https://requester.mturk.com/workers/A17HFDRWYZL1CD","1","1","100.00%","1","1","100.00%","1","1","100.00%","","","Never Blocked","",""
"A17ZMF7GGP6HKO","https://requester.mturk.com/workers/A17ZMF7GGP6HKO","1","0","0.00%","1","0","0.00%","1","0","0.00%","","","Never Blocked","",""
"A18U9WMYFYJPR6","https://requester.mturk.com/workers/A18U9WMYFYJPR6","1","0","0.00%","1","0","0.00%","1","0","0.00%","","","Never Blocked","",""
"A19APXLPQCWZ8S","https://requester.mturk.com/workers/A19APXLPQCWZ8S","1","0","0.00%","1","0","0.00%","1","0","0.00%","","","Never Blocked","",""
"A19L8SNH73AX1Z","https://requester.mturk.com/workers/A19L8SNH73AX1Z","1","1","100.00%","1","1","100.00%","0","0","0.00%","1","","Never Blocked","",""
"A19LVWX8ZLO6CS","https://requester.mturk.com/workers/A19LVWX8ZLO6CS","1","1","100.00%","1","1","100.00%","1","1","100.00%","","","Never Blocked","",""
"A1A2X0T1XE8K89","https://requester.mturk.com/workers/A1A2X0T1XE8K89","1","0","0.00%","1","0","0.00%","1","0","0.00%","","","Never Blocked","",""
"A1A6UVH1CCP8CD","https://requester.mturk.com/workers/A1A6UVH1CCP8CD","1","1","100.00%","1","1","100.00%","1","1","100.00%","","","Never Blocked","",""
"A1AIHLAEJ8FU4J","https://requester.mturk.com/workers/A1AIHLAEJ8FU4J","1","0","0.00%","1","0","0.00%","1","0","0.00%","","","Never Blocked","",""
"A1AUBV4SO8NZLS","https://requester.mturk.com/workers/A1AUBV4SO8NZLS","1","1","100.00%","1","1","100.00%","1","1","100.00%","","","Never Blocked","",""
"A1B592DM38HTL4","https://requester.mturk.com/workers/A1B592DM38HTL4","1","1","100.00%","1","1","100.00%","1","1","100.00%","","","Never Blocked","",""
"A1BBZ5EMNSCZJR","https://requester.mturk.com/workers/A1BBZ5EMNSCZJR","1","1","100.00%","1","1","100.00%","0","0","0.00%","1","","Never Blocked","",""
"A1BQBQG2GNY8AY","https://requester.mturk.com/workers/A1BQBQG2GNY8AY","1","1","100.00%","1","1","100.00%","1","1","100.00%","","","Never Blocked","",""
"A1BYFEAGNTPRJD","https://requester.mturk.com/workers/A1BYFEAGNTPRJD","1","1","100.00%","1","1","100.00%","0","0","0.00%","1","","Never Blocked","",""
"A1BZNPQ0H7ZSER","https://requester.mturk.com/workers/A1BZNPQ0H7ZSER","1","1","100.00%","1","1","100.00%","1","1","100.00%","","","Never Blocked","",""
"A1CE2XPYCDRHVZ","https://requester.mturk.com/workers/A1CE2XPYCDRHVZ","1","1","100.00%","1","1","100.00%","0","0","0.00%","1","","Never Blocked","",""
"A1CZ2GB5LZ9O5H","https://requester.mturk.com/workers/A1CZ2GB5LZ9O5H","1","1","100.00%","1","1","100.00%","1","1","100.00%","","","Never Blocked","",""
"A1D4CMVMBTSIJQ","https://requester.mturk.com/workers/A1D4CMVMBTSIJQ","1","0","0.00%","1","0","0.00%","1","0","0.00%","","","Never Blocked","",""
"A1DJEWE7PY7YQX","https://requester.mturk.com/workers/A1DJEWE7PY7YQX","1","1","100.00%","1","1","100.00%","1","1","100.00%","","","Never Blocked","",""
"A1DXSFFL5HZ1NX","https://requester.mturk.com/workers/A1DXSFFL5HZ1NX","1","1","100.00%","1","1","100.00%","1","1","100.00%","","","Never Blocked","",""
"A1ER6B1KB5OJ7F","https://requester.mturk.com/workers/A1ER6B1KB5OJ7F","1","1","100.00%","1","1","100.00%","1","1","100.00%","","","Never Blocked","",""
"A1FVCMGXK85014","https://requester.mturk.com/workers/A1FVCMGXK85014","1","1","100.00%","1","1","100.00%","1","1","100.00%","","","Never Blocked","",""
"A1H8I7FOW3HWD3","https://requester.mturk.com/workers/A1H8I7FOW3HWD3","1","1","100.00%","1","1","100.00%","0","0","0.00%","1","","Never Blocked","",""
"A1H9L9ARVCMJMX","https://requester.mturk.com/workers/A1H9L9ARVCMJMX","1","0","0.00%","1","0","0.00%","1","0","0.00%","","","Never Blocked","",""
"A1HIQZEC2ER7GS","https://requester.mturk.com/workers/A1HIQZEC2ER7GS","1","1","100.00%","1","1","100.00%","1","1","100.00%","","","Never Blocked","",""
"A1HMO9XPRPUPWJ","https://requester.mturk.com/workers/A1HMO9XPRPUPWJ","1","1","100.00%","1","1","100.00%","1","1","100.00%","","","Never Blocked","",""
"A1HSRWOEK6ZJPR","https://requester.mturk.com/workers/A1HSRWOEK6ZJPR","1","0","0.00%","1","0","0.00%","1","0","0.00%","","","Never Blocked","",""
"A1HYMGPYXU97ZN","https://requester.mturk.com/workers/A1HYMGPYXU97ZN","1","1","100.00%","1","1","100.00%","0","0","0.00%","1","","Never Blocked","",""
"A1ICTVF6SGBTH7","https://requester.mturk.com/workers/A1ICTVF6SGBTH7","1","0","0.00%","1","0","0.00%","1","0","0.00%","","","Never Blocked","",""
"A1IYHQPPOACU83","https://requester.mturk.com/workers/A1IYHQPPOACU83","1","0","0.00%","1","0","0.00%","1","0","0.00%","","","Never Blocked","",""
"A1J17BE20G6DKA","https://requester.mturk.com/workers/A1J17BE20G6DKA","1","1","100.00%","1","1","100.00%","1","1","100.00%","","","Never Blocked","",""
"A1J4N2SE30LCUH","https://requester.mturk.com/workers/A1J4N2SE30LCUH","1","1","100.00%","1","1","100.00%","1","1","100.00%","","","Never Blocked","",""
"A1K2E8ICV5LAJ2","https://requester.mturk.com/workers/A1K2E8ICV5LAJ2","1","1","100.00%","1","1","100.00%","1","1","100.00%","","","Never Blocked","",""
"A1K8QNLYYYX21W","https://requester.mturk.com/workers/A1K8QNLYYYX21W","1","1","100.00%","1","1","100.00%","0","0","0.00%","1","","Never Blocked","",""
"A1KFK92GEFQ9F5","https://requester.mturk.com/workers/A1KFK92GEFQ9F5","1","1","100.00%","1","1","100.00%","1","1","100.00%","1","","Never Blocked","",""
"A1KRYIRDA2OOWC","https://requester.mturk.com/workers/A1KRYIRDA2OOWC","1","0","0.00%","1","0","0.00%","1","0","0.00%","","","Never Blocked","",""
"A1KWIJXTC47YWE","https://requester.mturk.com/workers/A1KWIJXTC47YWE","1","1","100.00%","1","1","100.00%","1","1","100.00%","","","Never Blocked","",""
"A1L030CL30QW2U","https://requester.mturk.com/workers/A1L030CL30QW2U","1","1","100.00%","1","1","100.00%","1","1","100.00%","","","Never Blocked","",""
"A1L6D082DPMF3N","https://requester.mturk.com/workers/A1L6D082DPMF3N","1","1","100.00%","1","1","100.00%","1","1","100.00%","","","Never Blocked","",""
"A1MR7D47A08P4Y","https://requester.mturk.com/workers/A1MR7D47A08P4Y","1","1","100.00%","1","1","100.00%","1","1","100.00%","","","Never Blocked","",""
"A1NAGLVAIALY55","https://requester.mturk.com/workers/A1NAGLVAIALY55","1","0","0.00%","1","0","0.00%","1","0","0.00%","","","Never Blocked","",""
"A1NH9NLE8FFVSW","https://requester.mturk.com/workers/A1NH9NLE8FFVSW","1","0","0.00%","1","0","0.00%","1","0","0.00%","","","Never Blocked","",""
"A1NLW5ZS2WQR35","https://requester.mturk.com/workers/A1NLW5ZS2WQR35","1","1","100.00%","1","1","100.00%","0","0","0.00%","1","","Never Blocked","",""
"A1NM7ZPZ3NH412","https://requester.mturk.com/workers/A1NM7ZPZ3NH412","1","1","100.00%","1","1","100.00%","1","1","100.00%","1","","Never Blocked","",""
"A1NO4N6E04SAOR","https://requester.mturk.com/workers/A1NO4N6E04SAOR","1","1","100.00%","1","1","100.00%","1","1","100.00%","","","Never Blocked","",""
"A1NOR6E0WT0Y14","https://requester.mturk.com/workers/A1NOR6E0WT0Y14","1","0","0.00%","1","0","0.00%","1","0","0.00%","","","Never Blocked","",""
"A1NXDNRUNL87XN","https://requester.mturk.com/workers/A1NXDNRUNL87XN","1","1","100.00%","1","1","100.00%","1","1","100.00%","","","Never Blocked","",""
"A1OWD5ZK1MLAIF","https://requester.mturk.com/workers/A1OWD5ZK1MLAIF","1","1","100.00%","1","1","100.00%","1","1","100.00%","","","Never Blocked","",""
"A1P0MXIDPXPW07","https://requester.mturk.com/workers/A1P0MXIDPXPW07","1","1","100.00%","1","1","100.00%","1","1","100.00%","","","Never Blocked","",""
"A1PD0NGV29HX0W","https://requester.mturk.com/workers/A1PD0NGV29HX0W","1","0","0.00%","1","0","0.00%","1","0","0.00%","","","Never Blocked","",""
"A1PUIGT83JOHH6","https://requester.mturk.com/workers/A1PUIGT83JOHH6","1","1","100.00%","1","1","100.00%","1","1","100.00%","","","Never Blocked","",""
"A1PVWZ8ZYJHCOJ","https://requester.mturk.com/workers/A1PVWZ8ZYJHCOJ","1","1","100.00%","1","1","100.00%","1","1","100.00%","","","Never Blocked","",""
"A1Q2C5GJTB09WW","https://requester.mturk.com/workers/A1Q2C5GJTB09WW","1","1","100.00%","1","1","100.00%","1","1","100.00%","1","","Never Blocked","",""
"A1QEQOI98976S0","https://requester.mturk.com/workers/A1QEQOI98976S0","1","0","0.00%","1","0","0.00%","1","0","0.00%","","","Never Blocked","",""
"A1QTFE8FVK3HMG","https://requester.mturk.com/workers/A1QTFE8FVK3HMG","1","0","0.00%","1","0","0.00%","1","0","0.00%","","","Never Blocked","",""
"A1QWL8FRLNDJB","https://requester.mturk.com/workers/A1QWL8FRLNDJB","1","1","100.00%","1","1","100.00%","1","1","100.00%","","","Never Blocked","",""
"A1R4F6EPXA3VCL","https://requester.mturk.com/workers/A1R4F6EPXA3VCL","1","1","100.00%","1","1","100.00%","1","1","100.00%","","","Never Blocked","",""
"A1RQQFUQ2GU9IZ","https://requester.mturk.com/workers/A1RQQFUQ2GU9IZ","1","1","100.00%","1","1","100.00%","1","1","100.00%","","","Never Blocked","",""
"A1SP3GBRZKMWZJ","https://requester.mturk.com/workers/A1SP3GBRZKMWZJ","1","1","100.00%","1","1","100.00%","1","1","100.00%","","","Never Blocked","",""
"A1SU8C0D1IJYTN","https://requester.mturk.com/workers/A1SU8C0D1IJYTN","1","1","100.00%","1","1","100.00%","1","1","100.00%","","","Never Blocked","",""
"A1SUNH15I9VI6J","https://requester.mturk.com/workers/A1SUNH15I9VI6J","1","1","100.00%","1","1","100.00%","1","1","100.00%","","","Never Blocked","",""
"A1T0NW527WZT7G","https://requester.mturk.com/workers/A1T0NW527WZT7G","1","1","100.00%","1","1","100.00%","1","1","100.00%","","","Never Blocked","",""
"A1TBUUGHEBVRYA","https://requester.mturk.com/workers/A1TBUUGHEBVRYA","1","1","100.00%","1","1","100.00%","1","1","100.00%","","","Never Blocked","",""
"A1TCMO3C454JLC","https://requester.mturk.com/workers/A1TCMO3C454JLC","1","0","0.00%","1","0","0.00%","1","0","0.00%","","","Never Blocked","",""
"A1TS65VCOO8WXC","https://requester.mturk.com/workers/A1TS65VCOO8WXC","1","1","100.00%","1","1","100.00%","1","1","100.00%","","","Never Blocked","",""
"A1V6CNMLV3QQIX","https://requester.mturk.com/workers/A1V6CNMLV3QQIX","1","1","100.00%","1","1","100.00%","1","1","100.00%","","","Never Blocked","",""
"A1VE6VNQJO0U88","https://requester.mturk.com/workers/A1VE6VNQJO0U88","1","1","100.00%","1","1","100.00%","1","1","100.00%","","","Never Blocked","",""
"A1VJ4ZOXP9PUCP","https://requester.mturk.com/workers/A1VJ4ZOXP9PUCP","1","1","100.00%","1","1","100.00%","1","1","100.00%","","","Never Blocked","",""
"A1WCD91LFG8BQX","https://requester.mturk.com/workers/A1WCD91LFG8BQX","1","1","100.00%","1","1","100.00%","1","1","100.00%","","","Never Blocked","",""
"A1WTIPXQDJIMUI","https://requester.mturk.com/workers/A1WTIPXQDJIMUI","1","0","0.00%","1","0","0.00%","1","0","0.00%","","","Never Blocked","",""
"A1X59Q57OOJUH7","https://requester.mturk.com/workers/A1X59Q57OOJUH7","1","1","100.00%","1","1","100.00%","1","1","100.00%","","","Never Blocked","",""
"A1XKCT8RLIKB5Z","https://requester.mturk.com/workers/A1XKCT8RLIKB5Z","1","1","100.00%","1","1","100.00%","1","1","100.00%","","","Never Blocked","",""
"A1XTZBD6M60PYD","https://requester.mturk.com/workers/A1XTZBD6M60PYD","1","1","100.00%","1","1","100.00%","1","1","100.00%","","","Never Blocked","",""
"A1XZ40T91S5YFU","https://requester.mturk.com/workers/A1XZ40T91S5YFU","1","1","100.00%","1","1","100.00%","1","1","100.00%","","","Never Blocked","",""
"A1Y7I81X0OVNSY","https://requester.mturk.com/workers/A1Y7I81X0OVNSY","1","1","100.00%","1","1","100.00%","1","1","100.00%","","","Never Blocked","",""
"A1YBUA89N9CV2N","https://requester.mturk.com/workers/A1YBUA89N9CV2N","1","0","0.00%","1","0","0.00%","1","0","0.00%","","","Never Blocked","",""
"A1YFVXP4A1CXSF","https://requester.mturk.com/workers/A1YFVXP4A1CXSF","1","1","100.00%","1","1","100.00%","0","0","0.00%","1","","Never Blocked","",""
"A1YI1H05AQ3ING","https://requester.mturk.com/workers/A1YI1H05AQ3ING","1","0","0.00%","1","0","0.00%","1","0","0.00%","","","Never Blocked","",""
"A1YY98SJG37KSU","https://requester.mturk.com/workers/A1YY98SJG37KSU","1","0","0.00%","1","0","0.00%","1","0","0.00%","","","Never Blocked","",""
"A1ZRK6K5JUPJAV","https://requester.mturk.com/workers/A1ZRK6K5JUPJAV","1","1","100.00%","1","1","100.00%","1","1","100.00%","1","","Never Blocked","",""
"A1ZT0XICAVUFTD","https://requester.mturk.com/workers/A1ZT0XICAVUFTD","1","1","100.00%","1","1","100.00%","1","1","100.00%","","","Never Blocked","",""
"A201PHANVNEC8I","https://requester.mturk.com/workers/A201PHANVNEC8I","1","1","100.00%","1","1","100.00%","1","1","100.00%","","","Never Blocked","",""
"A206LK0R8I1LK4","https://requester.mturk.com/workers/A206LK0R8I1LK4","1","1","100.00%","1","1","100.00%","1","1","100.00%","","","Never Blocked","",""
"A20DBVVUS8DMYP","https://requester.mturk.com/workers/A20DBVVUS8DMYP","1","1","100.00%","1","1","100.00%","0","0","0.00%","1","","Never Blocked","",""
"A20HZD952T4B2O","https://requester.mturk.com/workers/A20HZD952T4B2O","1","1","100.00%","1","1","100.00%","1","1","100.00%","","","Never Blocked","",""
"A20Z5O57UDPFLX","https://requester.mturk.com/workers/A20Z5O57UDPFLX","1","1","100.00%","1","1","100.00%","1","1","100.00%","","","Never Blocked","",""
"A211MU7HRPSV5","https://requester.mturk.com/workers/A211MU7HRPSV5","1","1","100.00%","1","1","100.00%","1","1","100.00%","","","Never Blocked","",""
"A212WMJOUG2P4R","https://requester.mturk.com/workers/A212WMJOUG2P4R","1","0","0.00%","1","0","0.00%","1","0","0.00%","","","Never Blocked","",""
"A219BAAG4L9S52","https://requester.mturk.com/workers/A219BAAG4L9S52","1","1","100.00%","1","1","100.00%","1","1","100.00%","","","Never Blocked","",""
"A21EZISIJ3JPSW","https://requester.mturk.com/workers/A21EZISIJ3JPSW","1","0","0.00%","1","0","0.00%","1","0","0.00%","","","Never Blocked","",""
"A21SAW4GZMGQQR","https://requester.mturk.com/workers/A21SAW4GZMGQQR","1","1","100.00%","1","1","100.00%","1","1","100.00%","","","Never Blocked","",""
"A2235CAG2UC7CM","https://requester.mturk.com/workers/A2235CAG2UC7CM","1","0","0.00%","1","0","0.00%","1","0","0.00%","","","Never Blocked","",""
"A224B7BAQ0MZSN","https://requester.mturk.com/workers/A224B7BAQ0MZSN","1","1","100.00%","1","1","100.00%","1","1","100.00%","","","Never Blocked","",""
"A229SEF35EGTSF","https://requester.mturk.com/workers/A229SEF35EGTSF","1","0","0.00%","1","0","0.00%","1","0","0.00%","","","Never Blocked","",""
"A22DDO8NILSX6O","https://requester.mturk.com/workers/A22DDO8NILSX6O","1","1","100.00%","1","1","100.00%","1","1","100.00%","","","Never Blocked","",""
"A22G3IFRURGMBT","https://requester.mturk.com/workers/A22G3IFRURGMBT","1","1","100.00%","1","1","100.00%","1","1","100.00%","","","Never Blocked","",""
"A22KVS49G12V8I","https://requester.mturk.com/workers/A22KVS49G12V8I","1","1","100.00%","1","1","100.00%","1","1","100.00%","","","Never Blocked","",""
"A22L1YVZ6MXO09","https://requester.mturk.com/workers/A22L1YVZ6MXO09","1","1","100.00%","1","1","100.00%","1","1","100.00%","","","Never Blocked","",""
"A22LZ62E0UC4VL","https://requester.mturk.com/workers/A22LZ62E0UC4VL","1","0","0.00%","1","0","0.00%","1","0","0.00%","","","Never Blocked","",""
"A2309F1W6LTPF6","https://requester.mturk.com/workers/A2309F1W6LTPF6","1","0","0.00%","1","0","0.00%","1","0","0.00%","","","Never Blocked","",""
"A231ZXYHPSNUJQ","https://requester.mturk.com/workers/A231ZXYHPSNUJQ","1","0","0.00%","1","0","0.00%","1","0","0.00%","","","Never Blocked","",""
"A234SA9RO156TR","https://requester.mturk.com/workers/A234SA9RO156TR","1","1","100.00%","1","1","100.00%","0","0","0.00%","1","","Never Blocked","",""
"A23D936C6QLI2D","https://requester.mturk.com/workers/A23D936C6QLI2D","1","1","100.00%","1","1","100.00%","1","1","100.00%","","","Never Blocked","",""
"A23OR0D1FCUVMM","https://requester.mturk.com/workers/A23OR0D1FCUVMM","1","1","100.00%","1","1","100.00%","0","0","0.00%","1","","Never Blocked","",""
"A2416IYI3FQMAG","https://requester.mturk.com/workers/A2416IYI3FQMAG","1","0","0.00%","1","0","0.00%","1","0","0.00%","","","Never Blocked","",""
"A243EPKB9EW005","https://requester.mturk.com/workers/A243EPKB9EW005","1","0","0.00%","1","0","0.00%","1","0","0.00%","","","Never Blocked","",""
"A2482SLAY120J2","https://requester.mturk.com/workers/A2482SLAY120J2","1","1","100.00%","1","1","100.00%","1","1","100.00%","","","Never Blocked","",""
"A249EWKM1EOARK","https://requester.mturk.com/workers/A249EWKM1EOARK","1","1","100.00%","1","1","100.00%","1","1","100.00%","","","Never Blocked","",""
"A24E737D0977EH","https://requester.mturk.com/workers/A24E737D0977EH","1","1","100.00%","1","1","100.00%","1","1","100.00%","","","Never Blocked","",""
"A24SLE349RXPUG","https://requester.mturk.com/workers/A24SLE349RXPUG","1","1","100.00%","1","1","100.00%","1","1","100.00%","","","Never Blocked","",""
"A25P3J7HNY4JC6","https://requester.mturk.com/workers/A25P3J7HNY4JC6","1","0","0.00%","1","0","0.00%","1","0","0.00%","","","Never Blocked","",""
"A25YOFWQOT6W8W","https://requester.mturk.com/workers/A25YOFWQOT6W8W","1","1","100.00%","1","1","100.00%","1","1","100.00%","","","Never Blocked","",""
"A2623SPLETRH4S","https://requester.mturk.com/workers/A2623SPLETRH4S","1","1","100.00%","1","1","100.00%","1","1","100.00%","","","Never Blocked","",""
"A26376A6PIQ58H","https://requester.mturk.com/workers/A26376A6PIQ58H","1","1","100.00%","1","1","100.00%","1","1","100.00%","","","Never Blocked","",""
"A265YVS68WFFPQ","https://requester.mturk.com/workers/A265YVS68WFFPQ","1","1","100.00%","1","1","100.00%","0","0","0.00%","1","","Never Blocked","",""
"A26MRON9XGPVB5","https://requester.mturk.com/workers/A26MRON9XGPVB5","1","0","0.00%","1","0","0.00%","1","0","0.00%","","","Never Blocked","",""
"A274NFT93QPBGL","https://requester.mturk.com/workers/A274NFT93QPBGL","1","0","0.00%","1","0","0.00%","1","0","0.00%","","","Never Blocked","",""
"A286H1M66CL5ZI","https://requester.mturk.com/workers/A286H1M66CL5ZI","1","0","0.00%","1","0","0.00%","1","0","0.00%","","","Never Blocked","",""
"A28O73FNVUBR5T","https://requester.mturk.com/workers/A28O73FNVUBR5T","1","1","100.00%","1","1","100.00%","1","1","100.00%","","","Never Blocked","",""
"A28WSBB0DSV47X","https://requester.mturk.com/workers/A28WSBB0DSV47X","1","1","100.00%","1","1","100.00%","1","1","100.00%","","","Never Blocked","",""
"A29AX5O8KL48F8","https://requester.mturk.com/workers/A29AX5O8KL48F8","1","1","100.00%","1","1","100.00%","1","1","100.00%","","","Never Blocked","",""
"A29DTOJJVU7GCA","https://requester.mturk.com/workers/A29DTOJJVU7GCA","1","1","100.00%","1","1","100.00%","1","1","100.00%","1","","Never Blocked","",""
"A29FUZPUFY51TB","https://requester.mturk.com/workers/A29FUZPUFY51TB","1","1","100.00%","1","1","100.00%","1","1","100.00%","","","Never Blocked","",""
"A29PB2C8XD8TVG","https://requester.mturk.com/workers/A29PB2C8XD8TVG","1","1","100.00%","1","1","100.00%","1","1","100.00%","","","Never Blocked","",""
"A29RJVVL54THB5","https://requester.mturk.com/workers/A29RJVVL54THB5","1","1","100.00%","1","1","100.00%","0","0","0.00%","1","","Never Blocked","",""
"A2A4S9LCF1R181","https://requester.mturk.com/workers/A2A4S9LCF1R181","1","1","100.00%","1","1","100.00%","1","1","100.00%","","","Never Blocked","",""
"A2A8HRLRXV5EAA","https://requester.mturk.com/workers/A2A8HRLRXV5EAA","1","1","100.00%","1","1","100.00%","1","1","100.00%","","","Never Blocked","",""
"A2AOD3GOS9NKFC","https://requester.mturk.com/workers/A2AOD3GOS9NKFC","1","1","100.00%","1","1","100.00%","1","1","100.00%","","","Never Blocked","",""
"A2APPZDU0VS9LN","https://requester.mturk.com/workers/A2APPZDU0VS9LN","1","1","100.00%","1","1","100.00%","1","1","100.00%","1","","Never Blocked","",""
"A2B1YSMEHN1G2K","https://requester.mturk.com/workers/A2B1YSMEHN1G2K","1","1","100.00%","1","1","100.00%","1","1","100.00%","","","Never Blocked","",""
"A2BA753YMXLDAP","https://requester.mturk.com/workers/A2BA753YMXLDAP","1","1","100.00%","1","1","100.00%","1","1","100.00%","","","Never Blocked","",""
"A2BBTHVCRM0ZIQ","https://requester.mturk.com/workers/A2BBTHVCRM0ZIQ","1","1","100.00%","1","1","100.00%","0","0","0.00%","1","","Never Blocked","",""
"A2BEHSJ4RBM360","https://requester.mturk.com/workers/A2BEHSJ4RBM360","1","1","100.00%","1","1","100.00%","0","0","0.00%","1","","Never Blocked","",""
"A2BF3A9KYSEFPO","https://requester.mturk.com/workers/A2BF3A9KYSEFPO","1","0","0.00%","1","0","0.00%","1","0","0.00%","","","Never Blocked","",""
"A2BOWE2IOS81SH","https://requester.mturk.com/workers/A2BOWE2IOS81SH","1","1","100.00%","1","1","100.00%","0","0","0.00%","1","","Never Blocked","",""
"A2C8CPT60DE5V8","https://requester.mturk.com/workers/A2C8CPT60DE5V8","1","0","0.00%","1","0","0.00%","1","0","0.00%","","","Never Blocked","",""
"A2C98AABF1ZILY","https://requester.mturk.com/workers/A2C98AABF1ZILY","1","1","100.00%","1","1","100.00%","1","1","100.00%","","","Never Blocked","",""
"A2C9TFCDHJKWLN","https://requester.mturk.com/workers/A2C9TFCDHJKWLN","1","1","100.00%","1","1","100.00%","1","1","100.00%","","","Never Blocked","",""
"A2CO0L7AHULZ51","https://requester.mturk.com/workers/A2CO0L7AHULZ51","1","1","100.00%","1","1","100.00%","0","0","0.00%","1","","Never Blocked","",""
"A2CSD7F60ZQLR","https://requester.mturk.com/workers/A2CSD7F60ZQLR","1","1","100.00%","1","1","100.00%","1","1","100.00%","","","Never Blocked","",""
"A2CTI1LFBX8GG3","https://requester.mturk.com/workers/A2CTI1LFBX8GG3","1","1","100.00%","1","1","100.00%","1","1","100.00%","","","Never Blocked","",""
"A2DC7EBSBUVUQ","https://requester.mturk.com/workers/A2DC7EBSBUVUQ","1","1","100.00%","1","1","100.00%","1","1","100.00%","","","Never Blocked","",""
"A2E9X9OFUIQ3B6","https://requester.mturk.com/workers/A2E9X9OFUIQ3B6","1","1","100.00%","1","1","100.00%","1","1","100.00%","","","Never Blocked","",""
"A2ELDYT1S772YH","https://requester.mturk.com/workers/A2ELDYT1S772YH","1","0","0.00%","1","0","0.00%","1","0","0.00%","","","Never Blocked","",""
"A2EW08X2I87RXL","https://requester.mturk.com/workers/A2EW08X2I87RXL","1","0","0.00%","1","0","0.00%","1","0","0.00%","","","Never Blocked","",""
"A2G2V7KXNMUUT2","https://requester.mturk.com/workers/A2G2V7KXNMUUT2","1","1","100.00%","1","1","100.00%","1","1","100.00%","","","Never Blocked","",""
"A2G9163W7Y67UD","https://requester.mturk.com/workers/A2G9163W7Y67UD","1","1","100.00%","1","1","100.00%","1","1","100.00%","","","Never Blocked","",""
"A2GUJCGPE4RCL0","https://requester.mturk.com/workers/A2GUJCGPE4RCL0","1","1","100.00%","1","1","100.00%","1","1","100.00%","","","Never Blocked","",""
"A2H8GNSEVUJXYL","https://requester.mturk.com/workers/A2H8GNSEVUJXYL","1","1","100.00%","1","1","100.00%","1","1","100.00%","1","","Never Blocked","",""
"A2H8HVANGF4A58","https://requester.mturk.com/workers/A2H8HVANGF4A58","1","1","100.00%","1","1","100.00%","1","1","100.00%","","","Never Blocked","",""
"A2H9Q5DA9AFOJO","https://requester.mturk.com/workers/A2H9Q5DA9AFOJO","1","1","100.00%","1","1","100.00%","1","1","100.00%","","","Never Blocked","",""
"A2HLRNKXJFO71G","https://requester.mturk.com/workers/A2HLRNKXJFO71G","1","0","0.00%","1","0","0.00%","1","0","0.00%","","","Never Blocked","",""
"A2HQOSNTDE5UKV","https://requester.mturk.com/workers/A2HQOSNTDE5UKV","1","0","0.00%","1","0","0.00%","1","0","0.00%","","","Never Blocked","",""
"A2HR7ZIX42FEPG","https://requester.mturk.com/workers/A2HR7ZIX42FEPG","1","1","100.00%","1","1","100.00%","1","1","100.00%","","","Never Blocked","",""
"A2IFBLO7S1UYTZ","https://requester.mturk.com/workers/A2IFBLO7S1UYTZ","1","0","0.00%","1","0","0.00%","1","0","0.00%","","","Never Blocked","",""
"A2IUT0610X9CV0","https://requester.mturk.com/workers/A2IUT0610X9CV0","2","2","100.00%","2","2","100.00%","1","1","100.00%","1","","Never Blocked","",""
"A2JHF7CU91EVXW","https://requester.mturk.com/workers/A2JHF7CU91EVXW","1","1","100.00%","1","1","100.00%","1","1","100.00%","","","Never Blocked","",""
"A2JRONMDBUJT3K","https://requester.mturk.com/workers/A2JRONMDBUJT3K","1","1","100.00%","1","1","100.00%","1","1","100.00%","1","","Never Blocked","",""
"A2JYT3A8Z3Q2M6","https://requester.mturk.com/workers/A2JYT3A8Z3Q2M6","1","1","100.00%","1","1","100.00%","1","1","100.00%","","","Never Blocked","",""
"A2K2MSP0EFWFTA","https://requester.mturk.com/workers/A2K2MSP0EFWFTA","1","1","100.00%","1","1","100.00%","0","0","0.00%","1","","Never Blocked","",""
"A2K5CRACD4PL5U","https://requester.mturk.com/workers/A2K5CRACD4PL5U","1","0","0.00%","1","0","0.00%","1","0","0.00%","","","Never Blocked","",""
"A2LTGFMW5PUE01","https://requester.mturk.com/workers/A2LTGFMW5PUE01","1","1","100.00%","1","1","100.00%","1","1","100.00%","","","Never Blocked","",""
"A2MCRVU8I9VNHG","https://requester.mturk.com/workers/A2MCRVU8I9VNHG","1","0","0.00%","1","0","0.00%","1","0","0.00%","","","Never Blocked","",""
"A2MJAXJEJ4SEQM","https://requester.mturk.com/workers/A2MJAXJEJ4SEQM","1","0","0.00%","1","0","0.00%","1","0","0.00%","","","Never Blocked","",""
"A2N9WC0ERVHXDY","https://requester.mturk.com/workers/A2N9WC0ERVHXDY","1","1","100.00%","1","1","100.00%","0","0","0.00%","1","","Never Blocked","",""
"A2NGG3KW6YTS1G","https://requester.mturk.com/workers/A2NGG3KW6YTS1G","1","1","100.00%","1","1","100.00%","1","1","100.00%","","","Never Blocked","",""
"A2NKE99I9M8EP3","https://requester.mturk.com/workers/A2NKE99I9M8EP3","1","1","100.00%","1","1","100.00%","1","1","100.00%","","","Never Blocked","",""
"A2NVOKL45Z9C2C","https://requester.mturk.com/workers/A2NVOKL45Z9C2C","1","1","100.00%","1","1","100.00%","1","1","100.00%","","","Never Blocked","",""
"A2OIGST8UL7HJP","https://requester.mturk.com/workers/A2OIGST8UL7HJP","1","1","100.00%","1","1","100.00%","0","0","0.00%","1","","Never Blocked","",""
"A2OIPOP4MI8TZB","https://requester.mturk.com/workers/A2OIPOP4MI8TZB","1","1","100.00%","1","1","100.00%","1","1","100.00%","","","Never Blocked","",""
"A2OTQJZW0I3M2Q","https://requester.mturk.com/workers/A2OTQJZW0I3M2Q","1","1","100.00%","1","1","100.00%","1","1","100.00%","","","Never Blocked","",""
"A2PWE9TKEM99BA","https://requester.mturk.com/workers/A2PWE9TKEM99BA","1","1","100.00%","1","1","100.00%","1","1","100.00%","","","Never Blocked","",""
"A2PWEY49I45RYY","https://requester.mturk.com/workers/A2PWEY49I45RYY","1","1","100.00%","1","1","100.00%","1","1","100.00%","","","Never Blocked","",""
"A2QLFIUY3LC9D7","https://requester.mturk.com/workers/A2QLFIUY3LC9D7","1","1","100.00%","1","1","100.00%","1","1","100.00%","","","Never Blocked","",""
"A2QMHQXR8K4VJ2","https://requester.mturk.com/workers/A2QMHQXR8K4VJ2","1","0","0.00%","1","0","0.00%","1","0","0.00%","","","Never Blocked","",""
"A2RMMYN6NSXE4V","https://requester.mturk.com/workers/A2RMMYN6NSXE4V","1","1","100.00%","1","1","100.00%","1","1","100.00%","","","Never Blocked","",""
"A2RUHO7I7Y4XFA","https://requester.mturk.com/workers/A2RUHO7I7Y4XFA","1","0","0.00%","1","0","0.00%","1","0","0.00%","","","Never Blocked","",""
"A2S0MB5JFG8DF","https://requester.mturk.com/workers/A2S0MB5JFG8DF","1","1","100.00%","1","1","100.00%","1","1","100.00%","","","Never Blocked","",""
"A2SAWJZQM8GTF6","https://requester.mturk.com/workers/A2SAWJZQM8GTF6","1","1","100.00%","1","1","100.00%","1","1","100.00%","","","Never Blocked","",""
"A2SY2N44N1RWVA","https://requester.mturk.com/workers/A2SY2N44N1RWVA","1","1","100.00%","1","1","100.00%","1","1","100.00%","","","Never Blocked","",""
"A2SYRFPPV9WDEG","https://requester.mturk.com/workers/A2SYRFPPV9WDEG","1","1","100.00%","1","1","100.00%","1","1","100.00%","","","Never Blocked","",""
"A2T2HFUJP04DWD","https://requester.mturk.com/workers/A2T2HFUJP04DWD","1","1","100.00%","1","1","100.00%","1","1","100.00%","","","Never Blocked","",""
"A2T5YVU37RBCCP","https://requester.mturk.com/workers/A2T5YVU37RBCCP","1","1","100.00%","1","1","100.00%","1","1","100.00%","","","Never Blocked","",""
"A2TF7BYPCYUTTP","https://requester.mturk.com/workers/A2TF7BYPCYUTTP","1","1","100.00%","1","1","100.00%","1","1","100.00%","","","Never Blocked","",""
"A2TGOIW7U237NO","https://requester.mturk.com/workers/A2TGOIW7U237NO","1","1","100.00%","1","1","100.00%","1","1","100.00%","","","Never Blocked","",""
"A2TJS37ORFQTUT","https://requester.mturk.com/workers/A2TJS37ORFQTUT","1","1","100.00%","1","1","100.00%","1","1","100.00%","","","Never Blocked","",""
"A2TKANKOPUJXWX","https://requester.mturk.com/workers/A2TKANKOPUJXWX","1","1","100.00%","1","1","100.00%","0","0","0.00%","1","","Never Blocked","",""
"A2TLQXGIO2LJ91","https://requester.mturk.com/workers/A2TLQXGIO2LJ91","1","0","0.00%","1","0","0.00%","1","0","0.00%","","","Never Blocked","",""
"A2TN5NSHC2BZ12","https://requester.mturk.com/workers/A2TN5NSHC2BZ12","1","1","100.00%","1","1","100.00%","1","1","100.00%","","","Never Blocked","",""
"A2TV4MWIOBMNMS","https://requester.mturk.com/workers/A2TV4MWIOBMNMS","1","1","100.00%","1","1","100.00%","1","1","100.00%","","","Never Blocked","",""
"A2UF2FRGVW4T89","https://requester.mturk.com/workers/A2UF2FRGVW4T89","1","1","100.00%","1","1","100.00%","1","1","100.00%","","","Never Blocked","",""
"A2UTDTZ00HSW4F","https://requester.mturk.com/workers/A2UTDTZ00HSW4F","1","1","100.00%","1","1","100.00%","1","1","100.00%","","","Never Blocked","",""
"A2UZXRV8QU8TGS","https://requester.mturk.com/workers/A2UZXRV8QU8TGS","1","1","100.00%","1","1","100.00%","1","1","100.00%","","","Never Blocked","",""
"A2V272VAW0GIPL","https://requester.mturk.com/workers/A2V272VAW0GIPL","1","1","100.00%","1","1","100.00%","1","1","100.00%","","","Never Blocked","",""
"A2VNR6984SDFGQ","https://requester.mturk.com/workers/A2VNR6984SDFGQ","1","0","0.00%","1","0","0.00%","1","0","0.00%","","","Never Blocked","",""
"A2VQ1WGHLLLNJ1","https://requester.mturk.com/workers/A2VQ1WGHLLLNJ1","1","0","0.00%","1","0","0.00%","1","0","0.00%","","","Never Blocked","",""
"A2W914YUI5ZHVH","https://requester.mturk.com/workers/A2W914YUI5ZHVH","1","1","100.00%","1","1","100.00%","0","0","0.00%","1","","Never Blocked","",""
"A2WAQLPXT615HQ","https://requester.mturk.com/workers/A2WAQLPXT615HQ","1","1","100.00%","1","1","100.00%","0","0","0.00%","1","","Never Blocked","",""
"A2WWYVKGZZXBOB","https://requester.mturk.com/workers/A2WWYVKGZZXBOB","1","1","100.00%","1","1","100.00%","0","0","0.00%","1","","Never Blocked","",""
"A2X06TZY0GCFRF","https://requester.mturk.com/workers/A2X06TZY0GCFRF","1","1","100.00%","1","1","100.00%","0","0","0.00%","1","","Never Blocked","",""
"A2X229C3V93C1K","https://requester.mturk.com/workers/A2X229C3V93C1K","1","1","100.00%","1","1","100.00%","1","1","100.00%","","","Never Blocked","",""
"A2X823PACMMOKP","https://requester.mturk.com/workers/A2X823PACMMOKP","1","1","100.00%","1","1","100.00%","1","1","100.00%","","","Never Blocked","",""
"A2XH7ZKO6GLD7Z","https://requester.mturk.com/workers/A2XH7ZKO6GLD7Z","1","1","100.00%","1","1","100.00%","1","1","100.00%","","","Never Blocked","",""
"A2XPQ8KYFKI6FD","https://requester.mturk.com/workers/A2XPQ8KYFKI6FD","1","1","100.00%","1","1","100.00%","1","1","100.00%","","","Never Blocked","",""
"A2YO0CG93Y1N69","https://requester.mturk.com/workers/A2YO0CG93Y1N69","1","1","100.00%","1","1","100.00%","1","1","100.00%","","","Never Blocked","",""
"A2Z2OV7QGU10QN","https://requester.mturk.com/workers/A2Z2OV7QGU10QN","1","1","100.00%","1","1","100.00%","1","1","100.00%","","","Never Blocked","",""
"A2Z7SWO6HS5OOI","https://requester.mturk.com/workers/A2Z7SWO6HS5OOI","1","1","100.00%","1","1","100.00%","0","0","0.00%","1","","Never Blocked","",""
"A2Z874ZGWJP6JQ","https://requester.mturk.com/workers/A2Z874ZGWJP6JQ","1","0","0.00%","1","0","0.00%","1","0","0.00%","","","Never Blocked","",""
"A2ZBYVQLDUZOV7","https://requester.mturk.com/workers/A2ZBYVQLDUZOV7","1","1","100.00%","1","1","100.00%","1","1","100.00%","1","","Never Blocked","",""
"A2ZKUU1KLDSGL0","https://requester.mturk.com/workers/A2ZKUU1KLDSGL0","1","1","100.00%","1","1","100.00%","1","1","100.00%","","","Never Blocked","",""
"A2ZL5GAZK6S0H1","https://requester.mturk.com/workers/A2ZL5GAZK6S0H1","1","1","100.00%","1","1","100.00%","0","0","0.00%","1","","Never Blocked","",""
"A30CGO77OY7WP0","https://requester.mturk.com/workers/A30CGO77OY7WP0","1","0","0.00%","1","0","0.00%","1","0","0.00%","","","Never Blocked","",""
"A30DB51RPGJT4V","https://requester.mturk.com/workers/A30DB51RPGJT4V","1","1","100.00%","1","1","100.00%","1","1","100.00%","","","Never Blocked","",""
"A30G98ZDOZMUVK","https://requester.mturk.com/workers/A30G98ZDOZMUVK","1","1","100.00%","1","1","100.00%","1","1","100.00%","","","Never Blocked","",""
"A30GCTXJ17JC3I","https://requester.mturk.com/workers/A30GCTXJ17JC3I","1","1","100.00%","1","1","100.00%","1","1","100.00%","","","Never Blocked","",""
"A30MP4LXV4MIFD","https://requester.mturk.com/workers/A30MP4LXV4MIFD","1","1","100.00%","1","1","100.00%","0","0","0.00%","1","","Never Blocked","",""
"A30NX5HEQGGFPP","https://requester.mturk.com/workers/A30NX5HEQGGFPP","1","1","100.00%","1","1","100.00%","1","1","100.00%","","","Never Blocked","",""
"A313GWPU1F11HU","https://requester.mturk.com/workers/A313GWPU1F11HU","1","1","100.00%","1","1","100.00%","1","1","100.00%","","","Never Blocked","",""
"A31VW44MXV7PP5","https://requester.mturk.com/workers/A31VW44MXV7PP5","1","1","100.00%","1","1","100.00%","1","1","100.00%","","","Never Blocked","",""
"A322XYNEK21I27","https://requester.mturk.com/workers/A322XYNEK21I27","1","1","100.00%","1","1","100.00%","0","0","0.00%","1","","Never Blocked","",""
"A32CMQGGTSUK6Z","https://requester.mturk.com/workers/A32CMQGGTSUK6Z","1","1","100.00%","1","1","100.00%","1","1","100.00%","","","Never Blocked","",""
"A32JNOSQH86VNS","https://requester.mturk.com/workers/A32JNOSQH86VNS","1","0","0.00%","1","0","0.00%","1","0","0.00%","","","Never Blocked","",""
"A32PU6NORGUEEN","https://requester.mturk.com/workers/A32PU6NORGUEEN","1","1","100.00%","1","1","100.00%","1","1","100.00%","","","Never Blocked","",""
"A32S7DRKL0MW0A","https://requester.mturk.com/workers/A32S7DRKL0MW0A","1","1","100.00%","1","1","100.00%","1","1","100.00%","","","Never Blocked","",""
"A330HFBRTY55U8","https://requester.mturk.com/workers/A330HFBRTY55U8","1","0","0.00%","1","0","0.00%","1","0","0.00%","","","Never Blocked","",""
"A330JJZGJL7IG2","https://requester.mturk.com/workers/A330JJZGJL7IG2","1","1","100.00%","1","1","100.00%","1","1","100.00%","","","Never Blocked","",""
"A33VGSEJ44ORMF","https://requester.mturk.com/workers/A33VGSEJ44ORMF","1","0","0.00%","1","0","0.00%","1","0","0.00%","","","Never Blocked","",""
"A345EPTA0P1Z5J","https://requester.mturk.com/workers/A345EPTA0P1Z5J","1","0","0.00%","1","0","0.00%","1","0","0.00%","","","Never Blocked","",""
"A34ONJ2RD5CF2C","https://requester.mturk.com/workers/A34ONJ2RD5CF2C","1","1","100.00%","1","1","100.00%","1","1","100.00%","","","Never Blocked","",""
"A34ZULY6WMWR0D","https://requester.mturk.com/workers/A34ZULY6WMWR0D","1","1","100.00%","1","1","100.00%","1","1","100.00%","","","Never Blocked","",""
"A3531V81TBNQBL","https://requester.mturk.com/workers/A3531V81TBNQBL","1","1","100.00%","1","1","100.00%","1","1","100.00%","","","Never Blocked","",""
"A35ARURSRU6UAZ","https://requester.mturk.com/workers/A35ARURSRU6UAZ","1","1","100.00%","1","1","100.00%","1","1","100.00%","1","","Never Blocked","",""
"A35BY30TC8WCL4","https://requester.mturk.com/workers/A35BY30TC8WCL4","1","0","0.00%","1","0","0.00%","1","0","0.00%","","","Never Blocked","",""
"A35P57XYNK927Y","https://requester.mturk.com/workers/A35P57XYNK927Y","1","1","100.00%","1","1","100.00%","1","1","100.00%","","","Never Blocked","",""
"A35QEQPK7USJX2","https://requester.mturk.com/workers/A35QEQPK7USJX2","1","0","0.00%","1","0","0.00%","1","0","0.00%","","","Never Blocked","",""
"A35SC4D5YNJGOW","https://requester.mturk.com/workers/A35SC4D5YNJGOW","1","1","100.00%","1","1","100.00%","0","0","0.00%","1","","Never Blocked","",""
"A35UAZ5IKU14XW","https://requester.mturk.com/workers/A35UAZ5IKU14XW","1","1","100.00%","1","1","100.00%","1","1","100.00%","","","Never Blocked","",""
"A36LW7PXV35Y2Z","https://requester.mturk.com/workers/A36LW7PXV35Y2Z","1","0","0.00%","1","0","0.00%","1","0","0.00%","","","Never Blocked","",""
"A36ZLJPURT0ILP","https://requester.mturk.com/workers/A36ZLJPURT0ILP","1","1","100.00%","1","1","100.00%","1","1","100.00%","","","Never Blocked","",""
"A3774HPOUKYTX7","https://requester.mturk.com/workers/A3774HPOUKYTX7","1","0","0.00%","1","0","0.00%","1","0","0.00%","","","Never Blocked","",""
"A37CO0N1KC1CDW","https://requester.mturk.com/workers/A37CO0N1KC1CDW","1","1","100.00%","1","1","100.00%","1","1","100.00%","","","Never Blocked","",""
"A37VBAMFEQKJO4","https://requester.mturk.com/workers/A37VBAMFEQKJO4","1","1","100.00%","1","1","100.00%","1","1","100.00%","","","Never Blocked","",""
"A38ECJNH8AQKV4","https://requester.mturk.com/workers/A38ECJNH8AQKV4","1","1","100.00%","1","1","100.00%","1","1","100.00%","","","Never Blocked","",""
"A38Z7Q3V5E2Q70","https://requester.mturk.com/workers/A38Z7Q3V5E2Q70","1","0","0.00%","1","0","0.00%","1","0","0.00%","","","Never Blocked","",""
"A39A8K2UX0U05W","https://requester.mturk.com/workers/A39A8K2UX0U05W","1","0","0.00%","1","0","0.00%","1","0","0.00%","","","Never Blocked","",""
"A39HV9BXOEDT79","https://requester.mturk.com/workers/A39HV9BXOEDT79","1","1","100.00%","1","1","100.00%","1","1","100.00%","","","Never Blocked","",""
"A39XF45WLMIGX2","https://requester.mturk.com/workers/A39XF45WLMIGX2","1","1","100.00%","1","1","100.00%","1","1","100.00%","","","Never Blocked","",""
"A3A00UKGHIRCPO","https://requester.mturk.com/workers/A3A00UKGHIRCPO","1","1","100.00%","1","1","100.00%","1","1","100.00%","","","Never Blocked","",""
"A3ACR8IG31Q7K6","https://requester.mturk.com/workers/A3ACR8IG31Q7K6","1","1","100.00%","1","1","100.00%","1","1","100.00%","1","","Never Blocked","",""
"A3AT9S1CF9QV4K","https://requester.mturk.com/workers/A3AT9S1CF9QV4K","1","1","100.00%","1","1","100.00%","1","1","100.00%","","","Never Blocked","",""
"A3AXA3S5UM8E8W","https://requester.mturk.com/workers/A3AXA3S5UM8E8W","1","0","0.00%","1","0","0.00%","1","0","0.00%","","","Never Blocked","",""
"A3B5UFOTPU1TQJ","https://requester.mturk.com/workers/A3B5UFOTPU1TQJ","1","1","100.00%","1","1","100.00%","1","1","100.00%","","","Never Blocked","",""
"A3BGW64TEYYQMC","https://requester.mturk.com/workers/A3BGW64TEYYQMC","1","1","100.00%","1","1","100.00%","1","1","100.00%","","","Never Blocked","",""
"A3CV1VK8QP1SUN","https://requester.mturk.com/workers/A3CV1VK8QP1SUN","1","1","100.00%","1","1","100.00%","1","1","100.00%","","","Never Blocked","",""
"A3CVX7GHF3B65Q","https://requester.mturk.com/workers/A3CVX7GHF3B65Q","1","1","100.00%","1","1","100.00%","1","1","100.00%","","","Never Blocked","",""
"A3D00DSZUSDSQS","https://requester.mturk.com/workers/A3D00DSZUSDSQS","1","1","100.00%","1","1","100.00%","1","1","100.00%","","","Never Blocked","",""
"A3DRYZ95VDUDK","https://requester.mturk.com/workers/A3DRYZ95VDUDK","1","1","100.00%","1","1","100.00%","1","1","100.00%","","","Never Blocked","",""
"A3DUPRZSMU9W5R","https://requester.mturk.com/workers/A3DUPRZSMU9W5R","1","1","100.00%","1","1","100.00%","1","1","100.00%","","","Never Blocked","",""
"A3E5QW0ZCJHIFW","https://requester.mturk.com/workers/A3E5QW0ZCJHIFW","1","1","100.00%","1","1","100.00%","1","1","100.00%","","","Never Blocked","",""
"A3ESC1H6BBKF30","https://requester.mturk.com/workers/A3ESC1H6BBKF30","1","0","0.00%","1","0","0.00%","1","0","0.00%","","","Never Blocked","",""
"A3F51C49T9A34D","https://requester.mturk.com/workers/A3F51C49T9A34D","1","1","100.00%","1","1","100.00%","1","1","100.00%","","","Never Blocked","",""
"A3F79JQWFB73SU","https://requester.mturk.com/workers/A3F79JQWFB73SU","1","1","100.00%","1","1","100.00%","1","1","100.00%","","","Never Blocked","",""
"A3GEACGJY23HCK","https://requester.mturk.com/workers/A3GEACGJY23HCK","1","1","100.00%","1","1","100.00%","1","1","100.00%","","","Never Blocked","",""
"A3GPYCHKB2KDLC","https://requester.mturk.com/workers/A3GPYCHKB2KDLC","1","0","0.00%","1","0","0.00%","1","0","0.00%","","","Never Blocked","",""
"A3H0FIQ3IDER4U","https://requester.mturk.com/workers/A3H0FIQ3IDER4U","1","1","100.00%","1","1","100.00%","1","1","100.00%","","","Never Blocked","",""
"A3HAPMZV7CYDY8","https://requester.mturk.com/workers/A3HAPMZV7CYDY8","1","1","100.00%","1","1","100.00%","1","1","100.00%","","","Never Blocked","",""
"A3HVFSD8K94SOR","https://requester.mturk.com/workers/A3HVFSD8K94SOR","1","1","100.00%","1","1","100.00%","1","1","100.00%","","","Never Blocked","",""
"A3I1W58P6SIV26","https://requester.mturk.com/workers/A3I1W58P6SIV26","1","1","100.00%","1","1","100.00%","0","0","0.00%","1","","Never Blocked","",""
"A3IGFK1YNA4H9O","https://requester.mturk.com/workers/A3IGFK1YNA4H9O","1","0","0.00%","1","0","0.00%","1","0","0.00%","","","Never Blocked","",""
"A3IGWYBMJ5NBBJ","https://requester.mturk.com/workers/A3IGWYBMJ5NBBJ","1","1","100.00%","1","1","100.00%","1","1","100.00%","","","Never Blocked","",""
"A3IMSZ0F76M3UP","https://requester.mturk.com/workers/A3IMSZ0F76M3UP","1","1","100.00%","1","1","100.00%","1","1","100.00%","","","Never Blocked","",""
"A3JHXEH79DJ83L","https://requester.mturk.com/workers/A3JHXEH79DJ83L","1","0","0.00%","1","0","0.00%","1","0","0.00%","","","Never Blocked","",""
"A3JLCVQ5ARYLHC","https://requester.mturk.com/workers/A3JLCVQ5ARYLHC","1","0","0.00%","1","0","0.00%","1","0","0.00%","","","Never Blocked","",""
"A3KEPJZ9UW2D30","https://requester.mturk.com/workers/A3KEPJZ9UW2D30","1","1","100.00%","1","1","100.00%","1","1","100.00%","","","Never Blocked","",""
"A3KMNX2P2QP9JU","https://requester.mturk.com/workers/A3KMNX2P2QP9JU","1","1","100.00%","1","1","100.00%","1","1","100.00%","","","Never Blocked","",""
"A3L1DZWXQFWB90","https://requester.mturk.com/workers/A3L1DZWXQFWB90","1","1","100.00%","1","1","100.00%","1","1","100.00%","","","Never Blocked","",""
"A3L21C9NFQLA6W","https://requester.mturk.com/workers/A3L21C9NFQLA6W","1","1","100.00%","1","1","100.00%","1","1","100.00%","","","Never Blocked","",""
"A3LSG8J12TDMNF","https://requester.mturk.com/workers/A3LSG8J12TDMNF","1","1","100.00%","1","1","100.00%","1","1","100.00%","","","Never Blocked","",""
"A3MU49UX4XYSHB","https://requester.mturk.com/workers/A3MU49UX4XYSHB","1","1","100.00%","1","1","100.00%","1","1","100.00%","","","Never Blocked","",""
"A3N5GS22ZSVFS1","https://requester.mturk.com/workers/A3N5GS22ZSVFS1","1","0","0.00%","1","0","0.00%","1","0","0.00%","","","Never Blocked","",""
"A3NORT54YW98K0","https://requester.mturk.com/workers/A3NORT54YW98K0","1","1","100.00%","1","1","100.00%","1","1","100.00%","","","Never Blocked","",""
"A3O5JKO0ADLXDB","https://requester.mturk.com/workers/A3O5JKO0ADLXDB","1","1","100.00%","1","1","100.00%","1","1","100.00%","","","Never Blocked","",""
"A3OM2ZQ7FUDTIN","https://requester.mturk.com/workers/A3OM2ZQ7FUDTIN","1","0","0.00%","1","0","0.00%","1","0","0.00%","","","Never Blocked","",""
"A3OURWJ5EDZZ1W","https://requester.mturk.com/workers/A3OURWJ5EDZZ1W","1","1","100.00%","1","1","100.00%","0","0","0.00%","1","","Never Blocked","",""
"A3P0P0DRSOX52W","https://requester.mturk.com/workers/A3P0P0DRSOX52W","1","0","0.00%","1","0","0.00%","1","0","0.00%","","","Never Blocked","",""
"A3PTO0DMF57GDG","https://requester.mturk.com/workers/A3PTO0DMF57GDG","1","1","100.00%","1","1","100.00%","0","0","0.00%","1","","Never Blocked","",""
"A3PUU1XU4C1A3V","https://requester.mturk.com/workers/A3PUU1XU4C1A3V","1","1","100.00%","1","1","100.00%","1","1","100.00%","","","Never Blocked","",""
"A3QC57KUVJP5EW","https://requester.mturk.com/workers/A3QC57KUVJP5EW","1","1","100.00%","1","1","100.00%","0","0","0.00%","1","","Never Blocked","",""
"A3QEVWUSBTD47D","https://requester.mturk.com/workers/A3QEVWUSBTD47D","1","1","100.00%","1","1","100.00%","1","1","100.00%","","","Never Blocked","",""
"A3QQRMRZHPXRAH","https://requester.mturk.com/workers/A3QQRMRZHPXRAH","1","1","100.00%","1","1","100.00%","1","1","100.00%","","","Never Blocked","",""
"A3R5WGP2WLSYMH","https://requester.mturk.com/workers/A3R5WGP2WLSYMH","1","0","0.00%","1","0","0.00%","1","0","0.00%","","","Never Blocked","",""
"A3RGBQGMOAX6J7","https://requester.mturk.com/workers/A3RGBQGMOAX6J7","1","1","100.00%","1","1","100.00%","1","1","100.00%","","","Never Blocked","",""
"A3S847VMT4OE34","https://requester.mturk.com/workers/A3S847VMT4OE34","1","0","0.00%","1","0","0.00%","1","0","0.00%","","","Never Blocked","",""
"A3SDRNVZJ5CDM7","https://requester.mturk.com/workers/A3SDRNVZJ5CDM7","1","0","0.00%","1","0","0.00%","1","0","0.00%","","","Never Blocked","",""
"A3SHOJPXWNTFXZ","https://requester.mturk.com/workers/A3SHOJPXWNTFXZ","1","1","100.00%","1","1","100.00%","1","1","100.00%","","","Never Blocked","",""
"A3SLXZURCF9O67","https://requester.mturk.com/workers/A3SLXZURCF9O67","1","1","100.00%","1","1","100.00%","1","1","100.00%","","","Never Blocked","",""
"A3SOJWB6AZWZV9","https://requester.mturk.com/workers/A3SOJWB6AZWZV9","1","1","100.00%","1","1","100.00%","1","1","100.00%","","","Never Blocked","",""
"A3TBA7X9EF16W6","https://requester.mturk.com/workers/A3TBA7X9EF16W6","1","1","100.00%","1","1","100.00%","1","1","100.00%","1","","Never Blocked","",""
"A3TMVAECAVF9X5","https://requester.mturk.com/workers/A3TMVAECAVF9X5","1","1","100.00%","1","1","100.00%","1","1","100.00%","","","Never Blocked","",""
"A3UF7MG54V3YS2","https://requester.mturk.com/workers/A3UF7MG54V3YS2","1","1","100.00%","1","1","100.00%","1","1","100.00%","","","Never Blocked","",""
"A3UN1F1EOHKKE6","https://requester.mturk.com/workers/A3UN1F1EOHKKE6","1","0","0.00%","1","0","0.00%","1","0","0.00%","","","Never Blocked","",""
"A3UNW797BS2R92","https://requester.mturk.com/workers/A3UNW797BS2R92","1","1","100.00%","1","1","100.00%","1","1","100.00%","","","Never Blocked","",""
"A3UTUWEU44RAY3","https://requester.mturk.com/workers/A3UTUWEU44RAY3","1","1","100.00%","1","1","100.00%","1","1","100.00%","","","Never Blocked","",""
"A3VIDSSJ4J4M80","https://requester.mturk.com/workers/A3VIDSSJ4J4M80","1","1","100.00%","1","1","100.00%","1","1","100.00%","","","Never Blocked","",""
"A3VMQJD8LDQSEZ","https://requester.mturk.com/workers/A3VMQJD8LDQSEZ","1","1","100.00%","1","1","100.00%","0","0","0.00%","1","","Never Blocked","",""
"A3VZFFM13AP1MF","https://requester.mturk.com/workers/A3VZFFM13AP1MF","1","1","100.00%","1","1","100.00%","1","1","100.00%","","","Never Blocked","",""
"A3W4MUUT2MPS8O","https://requester.mturk.com/workers/A3W4MUUT2MPS8O","1","0","0.00%","1","0","0.00%","1","0","0.00%","","","Never Blocked","",""
"A3X6N2OAY5XY8","https://requester.mturk.com/workers/A3X6N2OAY5XY8","1","1","100.00%","1","1","100.00%","0","0","0.00%","1","","Never Blocked","",""
"A49HPQ9P5AHU4","https://requester.mturk.com/workers/A49HPQ9P5AHU4","1","0","0.00%","1","0","0.00%","1","0","0.00%","","","Never Blocked","",""
"A4GXHVTRGW5P8","https://requester.mturk.com/workers/A4GXHVTRGW5P8","1","0","0.00%","1","0","0.00%","1","0","0.00%","","","Never Blocked","",""
"A4J4GGMKJ68L0","https://requester.mturk.com/workers/A4J4GGMKJ68L0","1","1","100.00%","1","1","100.00%","0","0","0.00%","1","","Never Blocked","",""
"A4O5FSLCTJMO5","https://requester.mturk.com/workers/A4O5FSLCTJMO5","1","0","0.00%","1","0","0.00%","1","0","0.00%","","","Never Blocked","",""
"A4U7HX5SEFM8G","https://requester.mturk.com/workers/A4U7HX5SEFM8G","1","1","100.00%","1","1","100.00%","1","1","100.00%","","","Never Blocked","",""
"A4UVNGSXE2ANA","https://requester.mturk.com/workers/A4UVNGSXE2ANA","1","1","100.00%","1","1","100.00%","1","1","100.00%","","","Never Blocked","",""
"A5170HI4SZMCZ","https://requester.mturk.com/workers/A5170HI4SZMCZ","1","1","100.00%","1","1","100.00%","1","1","100.00%","","","Never Blocked","",""
"A5E2P5F1AXYZ1","https://requester.mturk.com/workers/A5E2P5F1AXYZ1","1","1","100.00%","1","1","100.00%","1","1","100.00%","","","Never Blocked","",""
"A61UDFKGL19BX","https://requester.mturk.com/workers/A61UDFKGL19BX","1","1","100.00%","1","1","100.00%","1","1","100.00%","","","Never Blocked","",""
"A7KLTVEIASF4J","https://requester.mturk.com/workers/A7KLTVEIASF4J","1","1","100.00%","1","1","100.00%","0","0","0.00%","1","","Never Blocked","",""
"A7WVKWZKY0IRD","https://requester.mturk.com/workers/A7WVKWZKY0IRD","1","1","100.00%","1","1","100.00%","1","1","100.00%","","","Never Blocked","",""
"A8K9LSIWIWYN7","https://requester.mturk.com/workers/A8K9LSIWIWYN7","1","1","100.00%","1","1","100.00%","1","1","100.00%","","","Never Blocked","",""
"A9DI8CP2SI9Y0","https://requester.mturk.com/workers/A9DI8CP2SI9Y0","1","1","100.00%","1","1","100.00%","1","1","100.00%","","","Never Blocked","",""
"A9MYSUUW9EU9N","https://requester.mturk.com/workers/A9MYSUUW9EU9N","1","1","100.00%","1","1","100.00%","1","1","100.00%","","","Never Blocked","",""
"AA32M4913PHS2","https://requester.mturk.com/workers/AA32M4913PHS2","1","1","100.00%","1","1","100.00%","1","1","100.00%","","","Never Blocked","",""
"AA4O2W236E3FW","https://requester.mturk.com/workers/AA4O2W236E3FW","1","1","100.00%","1","1","100.00%","1","1","100.00%","","","Never Blocked","",""
"AAF96M2HYX2HM","https://requester.mturk.com/workers/AAF96M2HYX2HM","1","0","0.00%","1","0","0.00%","1","0","0.00%","","","Never Blocked","",""
"AAKL8L5X64LWD","https://requester.mturk.com/workers/AAKL8L5X64LWD","1","1","100.00%","1","1","100.00%","1","1","100.00%","1","","Never Blocked","",""
"AAU6NFLY2Q4AV","https://requester.mturk.com/workers/AAU6NFLY2Q4AV","1","0","0.00%","1","0","0.00%","1","0","0.00%","","","Never Blocked","",""
"ABB9DYBUWGNNX","https://requester.mturk.com/workers/ABB9DYBUWGNNX","1","1","100.00%","1","1","100.00%","1","1","100.00%","","","Never Blocked","",""
"ABBAWZP4MS7HS","https://requester.mturk.com/workers/ABBAWZP4MS7HS","1","1","100.00%","1","1","100.00%","1","1","100.00%","","","Never Blocked","",""
"ABRDPSXRCXL4Q","https://requester.mturk.com/workers/ABRDPSXRCXL4Q","1","1","100.00%","1","1","100.00%","1","1","100.00%","","","Never Blocked","",""
"ABXFBTOL7FR1R","https://requester.mturk.com/workers/ABXFBTOL7FR1R","1","0","0.00%","1","0","0.00%","1","0","0.00%","","","Never Blocked","",""
"ACF8CYOJ1P4GC","https://requester.mturk.com/workers/ACF8CYOJ1P4GC","1","1","100.00%","1","1","100.00%","1","1","100.00%","","","Never Blocked","",""
"ACQ0B1X5APCD5","https://requester.mturk.com/workers/ACQ0B1X5APCD5","1","0","0.00%","1","0","0.00%","1","0","0.00%","","","Never Blocked","",""
"ACSZKZPBGYYKO","https://requester.mturk.com/workers/ACSZKZPBGYYKO","1","0","0.00%","1","0","0.00%","1","0","0.00%","","","Never Blocked","",""
"ADGREXTAORHCE","https://requester.mturk.com/workers/ADGREXTAORHCE","1","1","100.00%","1","1","100.00%","1","1","100.00%","","","Never Blocked","",""
"ADJ6HSU1QWJKA","https://requester.mturk.com/workers/ADJ6HSU1QWJKA","1","1","100.00%","1","1","100.00%","1","1","100.00%","","","Never Blocked","",""
"ADLF8HVS3C7IL","https://requester.mturk.com/workers/ADLF8HVS3C7IL","1","0","0.00%","1","0","0.00%","1","0","0.00%","","","Never Blocked","",""
"ADVCIFLB5A9B","https://requester.mturk.com/workers/ADVCIFLB5A9B","1","0","0.00%","1","0","0.00%","1","0","0.00%","","","Never Blocked","",""
"AE1JC0K5IZEBS","https://requester.mturk.com/workers/AE1JC0K5IZEBS","1","0","0.00%","1","0","0.00%","1","0","0.00%","","","Never Blocked","",""
"AEHONA1BIY9JB","https://requester.mturk.com/workers/AEHONA1BIY9JB","1","0","0.00%","1","0","0.00%","1","0","0.00%","","","Never Blocked","",""
"AEOSMC3ZPK697","https://requester.mturk.com/workers/AEOSMC3ZPK697","1","1","100.00%","1","1","100.00%","1","1","100.00%","","","Never Blocked","",""
"AGAT5JOO7HM9T","https://requester.mturk.com/workers/AGAT5JOO7HM9T","1","0","0.00%","1","0","0.00%","1","0","0.00%","","","Never Blocked","",""
"AGCU8OJR2LRQ2","https://requester.mturk.com/workers/AGCU8OJR2LRQ2","1","1","100.00%","1","1","100.00%","1","1","100.00%","","","Never Blocked","",""
"AGX9YNDNOKBQC","https://requester.mturk.com/workers/AGX9YNDNOKBQC","1","0","0.00%","1","0","0.00%","1","0","0.00%","","","Never Blocked","",""
"AH00EJ6PK1H3A","https://requester.mturk.com/workers/AH00EJ6PK1H3A","1","1","100.00%","1","1","100.00%","1","1","100.00%","","","Never Blocked","",""
"AHG23QXFY30HE","https://requester.mturk.com/workers/AHG23QXFY30HE","1","1","100.00%","1","1","100.00%","1","1","100.00%","","","Never Blocked","",""
"AHI0P0U82SW5Y","https://requester.mturk.com/workers/AHI0P0U82SW5Y","1","1","100.00%","1","1","100.00%","1","1","100.00%","","","Never Blocked","",""
"AHYVYJPFB6XGO","https://requester.mturk.com/workers/AHYVYJPFB6XGO","1","0","0.00%","1","0","0.00%","1","0","0.00%","","","Never Blocked","",""
"AI16MTKPZNZXL","https://requester.mturk.com/workers/AI16MTKPZNZXL","1","1","100.00%","1","1","100.00%","1","1","100.00%","","","Never Blocked","",""
"AIOOOO5OXWXKM","https://requester.mturk.com/workers/AIOOOO5OXWXKM","1","0","0.00%","1","0","0.00%","1","0","0.00%","","","Never Blocked","",""
"AJPKWEYPYLOD1","https://requester.mturk.com/workers/AJPKWEYPYLOD1","1","1","100.00%","1","1","100.00%","1","1","100.00%","","","Never Blocked","",""
"AK1GE19RT3PK6","https://requester.mturk.com/workers/AK1GE19RT3PK6","1","1","100.00%","1","1","100.00%","1","1","100.00%","","","Never Blocked","",""
"AK3H5QRAROFGP","https://requester.mturk.com/workers/AK3H5QRAROFGP","1","1","100.00%","1","1","100.00%","0","0","0.00%","1","","Never Blocked","",""
"AK8OOYYYKZF9V","https://requester.mturk.com/workers/AK8OOYYYKZF9V","1","1","100.00%","1","1","100.00%","1","1","100.00%","","","Never Blocked","",""
"AKEB0UFRC9ODG","https://requester.mturk.com/workers/AKEB0UFRC9ODG","1","1","100.00%","1","1","100.00%","1","1","100.00%","","","Never Blocked","",""
"AKMQH2MGTUWO9","https://requester.mturk.com/workers/AKMQH2MGTUWO9","1","1","100.00%","1","1","100.00%","1","1","100.00%","","","Never Blocked","",""
"AKX436C0G1LV8","https://requester.mturk.com/workers/AKX436C0G1LV8","1","0","0.00%","1","0","0.00%","1","0","0.00%","","","Never Blocked","",""
"AKX5RHHO8BIUX","https://requester.mturk.com/workers/AKX5RHHO8BIUX","1","1","100.00%","1","1","100.00%","1","1","100.00%","","","Never Blocked","",""
"AL0UT6ZCOJBWD","https://requester.mturk.com/workers/AL0UT6ZCOJBWD","1","0","0.00%","1","0","0.00%","1","0","0.00%","","","Never Blocked","",""
"AL5HBAJ3ZCNSD","https://requester.mturk.com/workers/AL5HBAJ3ZCNSD","1","1","100.00%","1","1","100.00%","1","1","100.00%","","","Never Blocked","",""
"ALI92G1065WRG","https://requester.mturk.com/workers/ALI92G1065WRG","1","1","100.00%","1","1","100.00%","1","1","100.00%","","","Never Blocked","",""
"ALML8V38FDV0","https://requester.mturk.com/workers/ALML8V38FDV0","1","1","100.00%","1","1","100.00%","1","1","100.00%","","","Never Blocked","",""
"AM10DHC44MRUV","https://requester.mturk.com/workers/AM10DHC44MRUV","1","1","100.00%","1","1","100.00%","1","1","100.00%","","","Never Blocked","",""
"AMDX0UNZS4A1G","https://requester.mturk.com/workers/AMDX0UNZS4A1G","1","1","100.00%","1","1","100.00%","0","0","0.00%","1","","Never Blocked","",""
"AMNRYECHXZY34","https://requester.mturk.com/workers/AMNRYECHXZY34","1","1","100.00%","1","1","100.00%","1","1","100.00%","","","Never Blocked","",""
"AMZYIIE52MXZN","https://requester.mturk.com/workers/AMZYIIE52MXZN","1","1","100.00%","1","1","100.00%","1","1","100.00%","","","Never Blocked","",""
"AN7O62YE1J4UJ","https://requester.mturk.com/workers/AN7O62YE1J4UJ","1","1","100.00%","1","1","100.00%","1","1","100.00%","","","Never Blocked","",""
"ANN162CY5IAGN","https://requester.mturk.com/workers/ANN162CY5IAGN","1","1","100.00%","1","1","100.00%","1","1","100.00%","","","Never Blocked","",""
"ANRC6V2PY2YED","https://requester.mturk.com/workers/ANRC6V2PY2YED","1","1","100.00%","1","1","100.00%","1","1","100.00%","","","Never Blocked","",""
"AOL04T29G35P4","https://requester.mturk.com/workers/AOL04T29G35P4","1","1","100.00%","1","1","100.00%","1","1","100.00%","","","Never Blocked","",""
"AOPXFWTI9SCK8","https://requester.mturk.com/workers/AOPXFWTI9SCK8","1","1","100.00%","1","1","100.00%","1","1","100.00%","","","Never Blocked","",""
"AOY5CF0UQUMO2","https://requester.mturk.com/workers/AOY5CF0UQUMO2","1","1","100.00%","1","1","100.00%","1","1","100.00%","","","Never Blocked","",""
"AP5AOX8WYOWQ1","https://requester.mturk.com/workers/AP5AOX8WYOWQ1","1","0","0.00%","1","0","0.00%","1","0","0.00%","","","Never Blocked","",""
"AP761OJXC1MAE","https://requester.mturk.com/workers/AP761OJXC1MAE","1","1","100.00%","1","1","100.00%","1","1","100.00%","","","Never Blocked","",""
"APAR2A1F4RB0N","https://requester.mturk.com/workers/APAR2A1F4RB0N","1","1","100.00%","1","1","100.00%","1","1","100.00%","","","Never Blocked","",""
"APF1EAZT104LQ","https://requester.mturk.com/workers/APF1EAZT104LQ","1","0","0.00%","1","0","0.00%","1","0","0.00%","","","Never Blocked","",""
"APO4DD2J9RWGP","https://requester.mturk.com/workers/APO4DD2J9RWGP","1","1","100.00%","1","1","100.00%","1","1","100.00%","","","Never Blocked","",""
"AQHWEN0V44039","https://requester.mturk.com/workers/AQHWEN0V44039","1","1","100.00%","1","1","100.00%","1","1","100.00%","","","Never Blocked","",""
"AQMR7KXKZ7V4Z","https://requester.mturk.com/workers/AQMR7KXKZ7V4Z","1","1","100.00%","1","1","100.00%","1","1","100.00%","","","Never Blocked","",""
"AQPSU5H8HLUWY","https://requester.mturk.com/workers/AQPSU5H8HLUWY","1","1","100.00%","1","1","100.00%","1","1","100.00%","","","Never Blocked","",""
"AR4UI9K92BUT3","https://requester.mturk.com/workers/AR4UI9K92BUT3","1","1","100.00%","1","1","100.00%","1","1","100.00%","","","Never Blocked","",""
"AR75LE4D2CUAE","https://requester.mturk.com/workers/AR75LE4D2CUAE","1","1","100.00%","1","1","100.00%","1","1","100.00%","","","Never Blocked","",""
"AR95C0P53AFWJ","https://requester.mturk.com/workers/AR95C0P53AFWJ","1","1","100.00%","1","1","100.00%","1","1","100.00%","","","Never Blocked","",""
"ARG392N6HWZCJ","https://requester.mturk.com/workers/ARG392N6HWZCJ","1","1","100.00%","1","1","100.00%","0","0","0.00%","1","","Never Blocked","",""
"ARN8L3JVVNK6X","https://requester.mturk.com/workers/ARN8L3JVVNK6X","1","0","0.00%","1","0","0.00%","1","0","0.00%","","","Never Blocked","",""
"AROOCBM042SJD","https://requester.mturk.com/workers/AROOCBM042SJD","1","1","100.00%","1","1","100.00%","1","1","100.00%","1","","Never Blocked","",""
"AS7ZK30LXDC46","https://requester.mturk.com/workers/AS7ZK30LXDC46","1","1","100.00%","1","1","100.00%","1","1","100.00%","","","Never Blocked","",""
"ASDKBXZBSJNZD","https://requester.mturk.com/workers/ASDKBXZBSJNZD","1","1","100.00%","1","1","100.00%","1","1","100.00%","","","Never Blocked","",""
"ASIIBJHP327J7","https://requester.mturk.com/workers/ASIIBJHP327J7","1","1","100.00%","1","1","100.00%","1","1","100.00%","","","Never Blocked","",""
"AT4KMM21GG1MJ","https://requester.mturk.com/workers/AT4KMM21GG1MJ","1","1","100.00%","1","1","100.00%","1","1","100.00%","","","Never Blocked","",""
"AU3WB2DD4QJ4B","https://requester.mturk.com/workers/AU3WB2DD4QJ4B","1","1","100.00%","1","1","100.00%","1","1","100.00%","","","Never Blocked","",""
"AU91DG12S5KZF","https://requester.mturk.com/workers/AU91DG12S5KZF","1","1","100.00%","1","1","100.00%","1","1","100.00%","","","Never Blocked","",""
"AUOYNTK0GOFOM","https://requester.mturk.com/workers/AUOYNTK0GOFOM","1","1","100.00%","1","1","100.00%","1","1","100.00%","1","","Never Blocked","",""
"AUQN507PN70U1","https://requester.mturk.com/workers/AUQN507PN70U1","1","1","100.00%","1","1","100.00%","1","1","100.00%","","","Never Blocked","",""
"AUT1MH3OQ6T1","https://requester.mturk.com/workers/AUT1MH3OQ6T1","1","1","100.00%","1","1","100.00%","1","1","100.00%","","","Never Blocked","",""
"AVCXJ9M71WDCB","https://requester.mturk.com/workers/AVCXJ9M71WDCB","1","1","100.00%","1","1","100.00%","1","1","100.00%","","","Never Blocked","",""
"AVD6HMIO1HLFI","https://requester.mturk.com/workers/AVD6HMIO1HLFI","1","1","100.00%","1","1","100.00%","1","1","100.00%","","","Never Blocked","",""
"AVLUX03TCOCEZ","https://requester.mturk.com/workers/AVLUX03TCOCEZ","1","1","100.00%","1","1","100.00%","1","1","100.00%","","","Never Blocked","",""
"AX1THMSZH9Y8O","https://requester.mturk.com/workers/AX1THMSZH9Y8O","1","1","100.00%","1","1","100.00%","1","1","100.00%","","","Never Blocked","",""
"AXB7TK33Q8NV9","https://requester.mturk.com/workers/AXB7TK33Q8NV9","1","0","0.00%","1","0","0.00%","1","0","0.00%","","","Never Blocked","",""
"AY0BJCGY2DHIX","https://requester.mturk.com/workers/AY0BJCGY2DHIX","1","1","100.00%","1","1","100.00%","1","1","100.00%","","","Never Blocked","",""
"AY4B7SUM68J3G","https://requester.mturk.com/workers/AY4B7SUM68J3G","1","0","0.00%","1","0","0.00%","1","0","0.00%","","","Never Blocked","",""
"AYB7U8LZ87F0K","https://requester.mturk.com/workers/AYB7U8LZ87F0K","1","1","100.00%","1","1","100.00%","1","1","100.00%","","","Never Blocked","",""
"AYN23NYBG7OBX","https://requester.mturk.com/workers/AYN23NYBG7OBX","1","0","0.00%","1","0","0.00%","1","0","0.00%","","","Never Blocked","",""
"AYR9VG004VQ3W","https://requester.mturk.com/workers/AYR9VG004VQ3W","1","1","100.00%","1","1","100.00%","0","0","0.00%","1","","Never Blocked","",""
"AYXXMHLZRAPF9","https://requester.mturk.com/workers/AYXXMHLZRAPF9","1","1","100.00%","1","1","100.00%","0","0","0.00%","1","","Never Blocked","",""
"AYYEQBUPC7IM5","https://requester.mturk.com/workers/AYYEQBUPC7IM5","1","1","100.00%","1","1","100.00%","1","1","100.00%","","","Never Blocked","",""
"AZ9BU8QI4YKF3","https://requester.mturk.com/workers/AZ9BU8QI4YKF3","1","1","100.00%","1","1","100.00%","0","0","0.00%","1","","Never Blocked","",""
"AZEGZ5ZVM6P5A","https://requester.mturk.com/workers/AZEGZ5ZVM6P5A","1","1","100.00%","1","1","100.00%","1","1","100.00%","","","Never Blocked","",""
"AZS7M097NVG4G","https://requester.mturk.com/workers/AZS7M097NVG4G","1","1","100.00%","1","1","100.00%","1","1","100.00%","","","Never Blocked","",""